INSERT IGNORE INTO tb_address (id, created_at, updated_at, street, neighborhood, number, zip_code)
VALUES
    (1001, CURRENT_TIMESTAMP(6), CURRENT_TIMESTAMP(6), 'R. Tereza Mouco de Oliveira', 'Campo Limpo', 121, '05835-005'),
    (1002, CURRENT_TIMESTAMP(6), CURRENT_TIMESTAMP(6), 'Estrada Guavirituba', 'Vila Santa Lucia', 49, '04937-000'),
    (1003, CURRENT_TIMESTAMP(6), CURRENT_TIMESTAMP(6), 'Estrada Ecoturistica de Parelheiros', 'Jardim dos Alamos', 5252, '04883-025'),
    (1004, CURRENT_TIMESTAMP(6), CURRENT_TIMESTAMP(6), 'R. dos Aniquis', 'Jardim Santa Terezinha', 3, '04474-000'),
    (1005, CURRENT_TIMESTAMP(6), CURRENT_TIMESTAMP(6), 'Av. Nossa Senhora do Sabara', 'Vila Emir', 4901, '04447-021'),
    (1006, CURRENT_TIMESTAMP(6), CURRENT_TIMESTAMP(6), 'Rua Promotor Gabriel Nettuzzi Perez', 'Santo Amaro', 41, '04743-020'),
    (1007, CURRENT_TIMESTAMP(6), CURRENT_TIMESTAMP(6), 'Rua Dr. Fomm', 'Belenzinho', 261, '03124-020'),
    (1008, CURRENT_TIMESTAMP(6), CURRENT_TIMESTAMP(6), 'Rua Miguel Novais', 'Vila Paranagua', 113, '03870-000'),
    (1009, CURRENT_TIMESTAMP(6), CURRENT_TIMESTAMP(6), 'Av. Afonso de Sampaio e Sousa', 'Cidade Lider', 1234, '08275-000'),
    (1010, CURRENT_TIMESTAMP(6), CURRENT_TIMESTAMP(6), 'Av. Guilherme Cotching', 'Vila Maria', 2140, '02113-013'),
    (1011, CURRENT_TIMESTAMP(6), CURRENT_TIMESTAMP(6), 'R. Botucatu', 'Vila Clementino', 710, '04023-062'),
    (1012, CURRENT_TIMESTAMP(6), CURRENT_TIMESTAMP(6), 'R. Corifeu de Azevedo Marques', 'Butanta', 3596, '05340-000'),
    (1013, CURRENT_TIMESTAMP(6), CURRENT_TIMESTAMP(6), 'R. Nossa Senhora da Lapa', 'Lapa', 1023, '05072-000'),
    (1014, CURRENT_TIMESTAMP(6), CURRENT_TIMESTAMP(6), 'Rua Taquari', 'Mooca', 549, '03165-000'),
    (1015, CURRENT_TIMESTAMP(6), CURRENT_TIMESTAMP(6), 'Av. Itaquera', 'Itaquera', 7000, '08295-000'),
    (1016, CURRENT_TIMESTAMP(6), CURRENT_TIMESTAMP(6), 'R. Padre Joao', 'Penha', 320, '03637-000'),
    (1017, CURRENT_TIMESTAMP(6), CURRENT_TIMESTAMP(6), 'Av. Cruzeiro do Sul', 'Santana', 4100, '02030-000'),
    (1018, CURRENT_TIMESTAMP(6), CURRENT_TIMESTAMP(6), 'Av. Carlos Caldeira Filho', 'Capao Redondo', 3010, '05721-000'),
    (1019, CURRENT_TIMESTAMP(6), CURRENT_TIMESTAMP(6), 'Av. dos Metalurgicos', 'Cidade Tiradentes', 2800, '08471-000'),
    (1020, CURRENT_TIMESTAMP(6), CURRENT_TIMESTAMP(6), 'R. Mario Trape', 'Jardim Novo Parelheiros', 100, '04890-430'),
    (1021, CURRENT_TIMESTAMP(6), CURRENT_TIMESTAMP(6), 'Avenida Celso Garcia', 'Tatuape', 4815, '03063-000'),
    (1022, CURRENT_TIMESTAMP(6), CURRENT_TIMESTAMP(6), 'Rua Dr. Jose Guilherme Eiras', 'Sao Miguel Paulista', 123, '08010-220'),
    (1023, CURRENT_TIMESTAMP(6), CURRENT_TIMESTAMP(6), 'Estrada de Itapecerica', 'Campo Limpo', 1661, '05835-003'),
    (1024, CURRENT_TIMESTAMP(6), CURRENT_TIMESTAMP(6), 'Rua Francisco de Paula Quintanilha Ribeiro', 'Jabaquara', 860, '04330-020'),
    (1025, CURRENT_TIMESTAMP(6), CURRENT_TIMESTAMP(6), 'Alameda Rodrigo de Brum', 'Ermelino Matarazzo', 1989, '03807-230'),
    (1026, CURRENT_TIMESTAMP(6), CURRENT_TIMESTAMP(6), 'Hospital campo limpo', 'Vila Maracana', 1661, '05835-004'),
    (1027, CURRENT_TIMESTAMP(6), CURRENT_TIMESTAMP(6), 'Av. Deputado Emilio Carlos', 'Vila Nova Cachoeirinha', 3000, '02720-200'),
    (1028, CURRENT_TIMESTAMP(6), CURRENT_TIMESTAMP(6), 'R. dos Ingleses', 'Bela Vista', 258, '01329-000'),
    (1029, CURRENT_TIMESTAMP(6), CURRENT_TIMESTAMP(6), 'Av. Dr. Eneas Carvalho de Aguiar', 'Cerqueira Cesar', 255, '05403-000'),
    (1030, CURRENT_TIMESTAMP(6), CURRENT_TIMESTAMP(6), 'R. Napoleao de Barros', 'Vila Clementino', 715, '04024-002');


INSERT IGNORE INTO tb_health_unit (
    id,
    created_at,
    is_active,
    latitude,
    longitude,
    max_capacity,
    name,
    open24h,
    open_time,
    close_time,
    unit_type,
    updated_at,
    address_id_id
)
VALUES
    ('00000000-0000-0000-0000-000000000101', CURRENT_TIMESTAMP(6), b'1', -23.65, -46.76, 110, 'UPA Campo Limpo - Dr Fernando Mauro Proenca de Gouvea', b'1', NULL, NULL, 'UPA', CURRENT_TIMESTAMP(6), 1001),
    ('00000000-0000-0000-0000-000000000102', CURRENT_TIMESTAMP(6), b'1', -23.70, -46.77, 90, 'UPA Jardim Angela', b'1', NULL, NULL, 'UPA', CURRENT_TIMESTAMP(6), 1002),
    ('00000000-0000-0000-0000-000000000103', CURRENT_TIMESTAMP(6), b'1', -23.84, -46.73, 85, 'UPA Parelheiros', b'1', NULL, NULL, 'UPA', CURRENT_TIMESTAMP(6), 1003),
    ('00000000-0000-0000-0000-000000000104', CURRENT_TIMESTAMP(6), b'1', -23.69, -46.65, 95, 'UPA Parque Doroteia', b'1', NULL, NULL, 'UPA', CURRENT_TIMESTAMP(6), 1004),
    ('00000000-0000-0000-0000-000000000105', CURRENT_TIMESTAMP(6), b'1', -23.67, -46.67, 120, 'UPA Pedreira - Dr Cesar Antunes da Rocha', b'1', NULL, NULL, 'UPA', CURRENT_TIMESTAMP(6), 1005),
    ('00000000-0000-0000-0000-000000000106', CURRENT_TIMESTAMP(6), b'1', -23.65148466056037, -46.70478838983597, 100, 'UPA Santo Amaro - Dr Jose Sylvio de Camargo', b'1', NULL, NULL, 'UPA', CURRENT_TIMESTAMP(6), 1006),
    ('00000000-0000-0000-0000-000000000107', CURRENT_TIMESTAMP(6), b'1', -23.546252989568945, -46.59487836060695, 100, 'UPA Mooca - Dom Paulo Evaristo Arns', b'1', NULL, NULL, 'UPA', CURRENT_TIMESTAMP(6), 1007),
    ('00000000-0000-0000-0000-000000000108', CURRENT_TIMESTAMP(6), b'1', -23.499009512373252, -46.473878095029995, 95, 'UPA Ermelino Matarazzo', b'1', NULL, NULL, 'UPA', CURRENT_TIMESTAMP(6), 1008),
    ('00000000-0000-0000-0000-000000000110', CURRENT_TIMESTAMP(6), b'1', -23.51, -46.58, 98, 'UPA Vila Maria', b'1', NULL, NULL, 'UPA', CURRENT_TIMESTAMP(6), 1010),
    ('00000000-0000-0000-0000-000000000201', CURRENT_TIMESTAMP(6), b'1', -23.59, -46.64, 60, 'UBS Vila Mariana', b'0', '07:00:00', '19:00:00', 'UBS', CURRENT_TIMESTAMP(6), 1011),
    ('00000000-0000-0000-0000-000000000202', CURRENT_TIMESTAMP(6), b'1', -23.57, -46.72, 70, 'UBS Butanta', b'0', '07:00:00', '19:00:00', 'UBS', CURRENT_TIMESTAMP(6), 1012),
    ('00000000-0000-0000-0000-000000000203', CURRENT_TIMESTAMP(6), b'1', -23.53, -46.69, 55, 'UBS Lapa', b'0', '07:00:00', '19:00:00', 'UBS', CURRENT_TIMESTAMP(6), 1013),
    ('00000000-0000-0000-0000-000000000204', CURRENT_TIMESTAMP(6), b'1', -23.56, -46.59, 65, 'UBS Mooca I', b'0', '07:00:00', '19:00:00', 'UBS', CURRENT_TIMESTAMP(6), 1014),
    ('00000000-0000-0000-0000-000000000205', CURRENT_TIMESTAMP(6), b'1', -23.55, -46.47, 75, 'UBS Itaquera', b'0', '07:00:00', '19:00:00', 'UBS', CURRENT_TIMESTAMP(6), 1015),
    ('00000000-0000-0000-0000-000000000206', CURRENT_TIMESTAMP(6), b'1', -23.52, -46.54, 58, 'UBS Penha', b'0', '07:00:00', '19:00:00', 'UBS', CURRENT_TIMESTAMP(6), 1016),
    ('00000000-0000-0000-0000-000000000207', CURRENT_TIMESTAMP(6), b'1', -23.50, -46.63, 62, 'UBS Santana', b'0', '07:00:00', '19:00:00', 'UBS', CURRENT_TIMESTAMP(6), 1017),
    ('00000000-0000-0000-0000-000000000208', CURRENT_TIMESTAMP(6), b'1', -23.66, -46.77, 80, 'UBS Capao Redondo', b'0', '07:00:00', '19:00:00', 'UBS', CURRENT_TIMESTAMP(6), 1018),
    ('00000000-0000-0000-0000-000000000209', CURRENT_TIMESTAMP(6), b'1', -23.60, -46.40, 68, 'UBS Cidade Tiradentes I', b'0', '07:00:00', '19:00:00', 'UBS', CURRENT_TIMESTAMP(6), 1019),
    ('00000000-0000-0000-0000-000000000210', CURRENT_TIMESTAMP(6), b'1', -23.84, -46.73, 50, 'UBS Parelheiros', b'0', '07:00:00', '19:00:00', 'UBS', CURRENT_TIMESTAMP(6), 1020),
    ('00000000-0000-0000-0000-000000000301', CURRENT_TIMESTAMP(6), b'1', -23.54, -46.58, 260, 'Hospital Municipal Dr Carmino Caricchio', b'1', NULL, NULL, 'HOSPITAL', CURRENT_TIMESTAMP(6), 1021),
    ('00000000-0000-0000-0000-000000000302', CURRENT_TIMESTAMP(6), b'1', -23.496917538197337, -46.44031367598501, 240, 'Hospital Municipal Tide Setubal (Sao Miguel Paulista)', b'1', NULL, NULL, 'HOSPITAL', CURRENT_TIMESTAMP(6), 1022),
    ('00000000-0000-0000-0000-000000000304', CURRENT_TIMESTAMP(6), b'1', -23.65310331443765, -46.645659947382605, 220, 'Hospital Municipal Dr Arthur Ribeiro de Saboya (Jabaquara)', b'1', NULL, NULL, 'HOSPITAL', CURRENT_TIMESTAMP(6), 1024),
    ('00000000-0000-0000-0000-000000000305', CURRENT_TIMESTAMP(6), b'1', -23.50038281523772, -46.472127028565, 210, 'Hospital Municipal Prof Dr Alipio Correa Netto (Ermelino Matarazzo)', b'1', NULL, NULL, 'HOSPITAL', CURRENT_TIMESTAMP(6), 1025),
    ('00000000-0000-0000-0000-000000000306', CURRENT_TIMESTAMP(6), b'1', -23.649150706929593, -46.74922207276017, 200, 'Hospital Municipal Dr Fernando Mauro Pires da Rocha (Campo Limpo)', b'1', NULL, NULL, 'HOSPITAL', CURRENT_TIMESTAMP(6), 1026),
    ('00000000-0000-0000-0000-000000000307', CURRENT_TIMESTAMP(6), b'1', -23.48, -46.66, 250, 'Hospital Municipal e Maternidade Escola Vila Nova Cachoeirinha', b'1', NULL, NULL, 'HOSPITAL', CURRENT_TIMESTAMP(6), 1027),
    ('00000000-0000-0000-0000-000000000308', CURRENT_TIMESTAMP(6), b'1', -23.56, -46.65, 180, 'Hospital Municipal Infantil Menino Jesus', b'1', NULL, NULL, 'HOSPITAL', CURRENT_TIMESTAMP(6), 1028),
    ('00000000-0000-0000-0000-000000000309', CURRENT_TIMESTAMP(6), b'1', -23.56, -46.67, 500, 'Hospital das Clinicas da FMUSP', b'1', NULL, NULL, 'HOSPITAL', CURRENT_TIMESTAMP(6), 1029),
    ('00000000-0000-0000-0000-000000000310', CURRENT_TIMESTAMP(6), b'1', -23.60, -46.65, 420, 'Hospital Sao Paulo', b'1', NULL, NULL, 'HOSPITAL', CURRENT_TIMESTAMP(6), 1030);

INSERT IGNORE INTO tb_address (id, created_at, updated_at, street, neighborhood, number, zip_code)
VALUES
    (1031, CURRENT_TIMESTAMP(6), CURRENT_TIMESTAMP(6), 'Avenida Miguel Ignacio Curi', 'Vila Carmosina', 41, '00000-000'),
    (1032, CURRENT_TIMESTAMP(6), CURRENT_TIMESTAMP(6), 'Avenida Menotti Laudisio', 'Pirituba', 100, '00000-000'),
    (1033, CURRENT_TIMESTAMP(6), CURRENT_TIMESTAMP(6), 'Rua Cidade de Bagda', 'Jardim Mira', 529, '00000-000'),
    (1034, CURRENT_TIMESTAMP(6), CURRENT_TIMESTAMP(6), 'Rua Antonio Felipe Filho', 'Grajau', 180, '00000-000'),
    (1035, CURRENT_TIMESTAMP(6), CURRENT_TIMESTAMP(6), 'Avenida Pires do Rio', 'Vila Americana', 294, '00000-000'),
    (1036, CURRENT_TIMESTAMP(6), CURRENT_TIMESTAMP(6), 'Rua Igarape da Diana', 'Conjunto Habitacional Inacio Monteiro - Cidade Tiradentes', 125, '00000-000'),
    (1037, CURRENT_TIMESTAMP(6), CURRENT_TIMESTAMP(6), 'Rua Vergueiro', 'Liberdade', 613, '00000-000'),
    (1038, CURRENT_TIMESTAMP(6), CURRENT_TIMESTAMP(6), 'Avenida Menotti Laudisio', 'Pirituba', 100, '00000-000'),
    (1039, CURRENT_TIMESTAMP(6), CURRENT_TIMESTAMP(6), 'Rua Lucas de Leyde', 'Rio Pequeno', 257, '00000-000'),
    (1040, CURRENT_TIMESTAMP(6), CURRENT_TIMESTAMP(6), 'Rua Francisco Fanganiello', 'Parque Novo Mundo', 127, '00000-000'),
    (1041, CURRENT_TIMESTAMP(6), CURRENT_TIMESTAMP(6), 'Rua Augusto Carlos Baumann', 'Itaquera (Planalto)', 1074, '00000-000');

INSERT IGNORE INTO tb_health_unit (
    id,
    created_at,
    is_active,
    latitude,
    longitude,
    max_capacity,
    name,
    open24h,
    open_time,
    close_time,
    unit_type,
    updated_at,
    address_id_id
)
VALUES
    ('00000000-0000-0000-0000-000000000111', CURRENT_TIMESTAMP(6), b'1', -23.544106539338664, -46.463744643639, 100, 'UPA 26 de Agosto (Itaquera)', b'1', NULL, NULL, 'UPA', CURRENT_TIMESTAMP(6), 1031),
    ('00000000-0000-0000-0000-000000000112', CURRENT_TIMESTAMP(6), b'1', -23.484628278306356, -46.727505780903996, 100, 'UPA Pirituba', b'1', NULL, NULL, 'UPA', CURRENT_TIMESTAMP(6), 1032),
    ('00000000-0000-0000-0000-000000000113', CURRENT_TIMESTAMP(6), b'1', -23.656618648152687, -46.653579416173855, 100, 'UPA Vila Santa Catarina', b'1', NULL, NULL, 'UPA', CURRENT_TIMESTAMP(6), 1033),
    ('00000000-0000-0000-0000-000000000114', CURRENT_TIMESTAMP(6), b'1', -23.748763013866405, -46.690598959893556, 100, 'UPA Dona Maria Antonieta Ferreira de Barros', b'1', NULL, NULL, 'UPA', CURRENT_TIMESTAMP(6), 1034),
    ('00000000-0000-0000-0000-000000000115', CURRENT_TIMESTAMP(6), b'1', -23.498869145435567, -46.44307615629954, 100, 'UPA Tito Lopes (Sao Miguel Paulista)', b'1', NULL, NULL, 'UPA', CURRENT_TIMESTAMP(6), 1035),
    ('00000000-0000-0000-0000-000000000116', CURRENT_TIMESTAMP(6), b'1', -23.571727951389153, -46.40324563024364, 100, 'UPA Cidade Tiradentes', b'1', NULL, NULL, 'UPA', CURRENT_TIMESTAMP(6), 1036),
    ('00000000-0000-0000-0000-000000000117', CURRENT_TIMESTAMP(6), b'1', -23.567175523722106, -46.63947659537476, 100, 'UPA Vergueiro', b'1', NULL, NULL, 'UPA', CURRENT_TIMESTAMP(6), 1037),
    ('00000000-0000-0000-0000-000000000311', CURRENT_TIMESTAMP(6), b'1', -23.4846938, -46.7274711, 220, 'Hospital Municipal Dr Jose Soares Hungria (Pirituba)', b'1', NULL, NULL, 'HOSPITAL', CURRENT_TIMESTAMP(6), 1038),
    ('00000000-0000-0000-0000-000000000312', CURRENT_TIMESTAMP(6), b'1', -23.57786029278395, -46.7648221159888, 220, 'Hospital Municipal Prof Mario Degni (Rio Pequeno)', b'1', NULL, NULL, 'HOSPITAL', CURRENT_TIMESTAMP(6), 1039),
    ('00000000-0000-0000-0000-000000000313', CURRENT_TIMESTAMP(6), b'1', -23.522201396168054, -46.56182154311205, 220, 'Hospital Municipal Vereador Jose Storopolli (Vila Maria)', b'1', NULL, NULL, 'HOSPITAL', CURRENT_TIMESTAMP(6), 1040),
    ('00000000-0000-0000-0000-000000000314', CURRENT_TIMESTAMP(6), b'1', -23.531053511156944, -46.44452912945817, 220, 'Hospital Municipal Prof Waldomiro de Paula (Planalto)', b'1', NULL, NULL, 'HOSPITAL', CURRENT_TIMESTAMP(6), 1041);

INSERT IGNORE INTO tb_waiting_time (
    id,
    created_at,
    updated_at,
    health_unit_id_id,
    waiting_time_minutes,
    blue_patients,
    green_patients,
    yellow_patients,
    red_patients,
    blue_waiting_time,
    green_waiting_time,
    yellow_waiting_time,
    red_waiting_time
)
VALUES
    (9001, CURRENT_TIMESTAMP(6), CURRENT_TIMESTAMP(6), '00000000-0000-0000-0000-000000000101', 87, 14, 9, 5, 2, 130, 75, 20, 4),
    (9002, CURRENT_TIMESTAMP(6), CURRENT_TIMESTAMP(6), '00000000-0000-0000-0000-000000000102', 46, 11, 8, 6, 1, 70, 35, 25, 6),
    (9003, CURRENT_TIMESTAMP(6), CURRENT_TIMESTAMP(6), '00000000-0000-0000-0000-000000000103', 58, 12, 9, 4, 1, 82, 43, 30, 8),
    (9004, CURRENT_TIMESTAMP(6), CURRENT_TIMESTAMP(6), '00000000-0000-0000-0000-000000000104', 69, 10, 5, 3, 1, 94, 51, 35, 2),
    (9005, CURRENT_TIMESTAMP(6), CURRENT_TIMESTAMP(6), '00000000-0000-0000-0000-000000000105', 67, 11, 8, 6, 1, 106, 59, 15, 4),
    (9006, CURRENT_TIMESTAMP(6), CURRENT_TIMESTAMP(6), '00000000-0000-0000-0000-000000000106', 78, 10, 8, 3, 2, 118, 67, 20, 6),
    (9007, CURRENT_TIMESTAMP(6), CURRENT_TIMESTAMP(6), '00000000-0000-0000-0000-000000000107', 91, 12, 7, 4, 1, 130, 75, 25, 8),
    (9008, CURRENT_TIMESTAMP(6), CURRENT_TIMESTAMP(6), '00000000-0000-0000-0000-000000000108', 46, 10, 8, 6, 1, 70, 35, 30, 2),
    (9010, CURRENT_TIMESTAMP(6), CURRENT_TIMESTAMP(6), '00000000-0000-0000-0000-000000000110', 64, 14, 8, 5, 1, 94, 51, 15, 6),
    (9011, CURRENT_TIMESTAMP(6), CURRENT_TIMESTAMP(6), '00000000-0000-0000-0000-000000000201', 30, 3, 3, 1, 0, 43, 24, 7, 0),
    (9012, CURRENT_TIMESTAMP(6), CURRENT_TIMESTAMP(6), '00000000-0000-0000-0000-000000000202', 41, 6, 4, 0, 0, 49, 28, 9, 0),
    (9013, CURRENT_TIMESTAMP(6), CURRENT_TIMESTAMP(6), '00000000-0000-0000-0000-000000000203', 49, 3, 1, 0, 0, 55, 32, 11, 0),
    (9014, CURRENT_TIMESTAMP(6), CURRENT_TIMESTAMP(6), '00000000-0000-0000-0000-000000000204', 17, 2, 2, 1, 0, 25, 12, 13, 0),
    (9015, CURRENT_TIMESTAMP(6), CURRENT_TIMESTAMP(6), '00000000-0000-0000-0000-000000000205', 24, 4, 4, 0, 0, 31, 16, 5, 0),
    (9016, CURRENT_TIMESTAMP(6), CURRENT_TIMESTAMP(6), '00000000-0000-0000-0000-000000000206', 29, 4, 1, 1, 0, 37, 20, 7, 0),
    (9017, CURRENT_TIMESTAMP(6), CURRENT_TIMESTAMP(6), '00000000-0000-0000-0000-000000000207', 31, 3, 2, 1, 0, 43, 24, 9, 0),
    (9018, CURRENT_TIMESTAMP(6), CURRENT_TIMESTAMP(6), '00000000-0000-0000-0000-000000000208', 41, 6, 4, 0, 0, 49, 28, 11, 0),
    (9019, CURRENT_TIMESTAMP(6), CURRENT_TIMESTAMP(6), '00000000-0000-0000-0000-000000000209', 45, 6, 2, 1, 0, 55, 32, 13, 0),
    (9020, CURRENT_TIMESTAMP(6), CURRENT_TIMESTAMP(6), '00000000-0000-0000-0000-000000000210', 21, 2, 1, 0, 0, 25, 12, 5, 0),
    (9021, CURRENT_TIMESTAMP(6), CURRENT_TIMESTAMP(6), '00000000-0000-0000-0000-000000000301', 125, 32, 29, 16, 9, 210, 125, 25, 5),
    (9022, CURRENT_TIMESTAMP(6), CURRENT_TIMESTAMP(6), '00000000-0000-0000-0000-000000000302', 143, 32, 30, 17, 5, 228, 137, 32, 7),
    (9024, CURRENT_TIMESTAMP(6), CURRENT_TIMESTAMP(6), '00000000-0000-0000-0000-000000000304', 79, 35, 27, 16, 8, 120, 65, 46, 11),
    (9025, CURRENT_TIMESTAMP(6), CURRENT_TIMESTAMP(6), '00000000-0000-0000-0000-000000000305', 86, 31, 28, 17, 10, 138, 77, 53, 3),
    (9026, CURRENT_TIMESTAMP(6), CURRENT_TIMESTAMP(6), '00000000-0000-0000-0000-000000000306', 100, 18, 17, 11, 4, 156, 89, 60, 5),
    (9027, CURRENT_TIMESTAMP(6), CURRENT_TIMESTAMP(6), '00000000-0000-0000-0000-000000000307', 116, 26, 24, 13, 5, 174, 101, 67, 7),
    (9028, CURRENT_TIMESTAMP(6), CURRENT_TIMESTAMP(6), '00000000-0000-0000-0000-000000000308', 126, 21, 20, 10, 1, 192, 113, 25, 9),
    (9029, CURRENT_TIMESTAMP(6), CURRENT_TIMESTAMP(6), '00000000-0000-0000-0000-000000000309', 131, 61, 51, 32, 11, 210, 125, 32, 11),
    (9030, CURRENT_TIMESTAMP(6), CURRENT_TIMESTAMP(6), '00000000-0000-0000-0000-000000000310', 137, 51, 46, 27, 15, 228, 137, 39, 3),
    (9031, CURRENT_TIMESTAMP(6), CURRENT_TIMESTAMP(6), '00000000-0000-0000-0000-000000000111', 67, 12, 10, 6, 2, 106, 59, 20, 8),
    (9032, CURRENT_TIMESTAMP(6), CURRENT_TIMESTAMP(6), '00000000-0000-0000-0000-000000000112', 80, 9, 7, 3, 1, 118, 67, 25, 2),
    (9033, CURRENT_TIMESTAMP(6), CURRENT_TIMESTAMP(6), '00000000-0000-0000-0000-000000000113', 91, 11, 6, 4, 1, 130, 75, 30, 4),
    (9034, CURRENT_TIMESTAMP(6), CURRENT_TIMESTAMP(6), '00000000-0000-0000-0000-000000000114', 46, 9, 7, 5, 2, 70, 35, 35, 6),
    (9035, CURRENT_TIMESTAMP(6), CURRENT_TIMESTAMP(6), '00000000-0000-0000-0000-000000000115', 56, 11, 9, 3, 1, 82, 43, 15, 8),
    (9036, CURRENT_TIMESTAMP(6), CURRENT_TIMESTAMP(6), '00000000-0000-0000-0000-000000000116', 65, 13, 7, 5, 1, 94, 51, 20, 2),
    (9037, CURRENT_TIMESTAMP(6), CURRENT_TIMESTAMP(6), '00000000-0000-0000-0000-000000000117', 70, 12, 9, 6, 1, 106, 59, 25, 4),
    (9038, CURRENT_TIMESTAMP(6), CURRENT_TIMESTAMP(6), '00000000-0000-0000-0000-000000000311', 149, 28, 26, 15, 8, 246, 149, 46, 5),
    (9039, CURRENT_TIMESTAMP(6), CURRENT_TIMESTAMP(6), '00000000-0000-0000-0000-000000000312', 81, 31, 29, 17, 4, 120, 65, 53, 7),
    (9040, CURRENT_TIMESTAMP(6), CURRENT_TIMESTAMP(6), '00000000-0000-0000-0000-000000000313', 94, 34, 31, 16, 5, 138, 77, 60, 9),
    (9041, CURRENT_TIMESTAMP(6), CURRENT_TIMESTAMP(6), '00000000-0000-0000-0000-000000000314', 105, 36, 29, 18, 7, 156, 89, 67, 11);